Model,R2 Score,MAE,MSE
Linear Regression,-0.057221676002005006,7.587601447372947,88.87989364476056
Ridge Regression,-0.004835172962452949,7.4250092411730515,84.4757966381764
Polynomial Regression,0.0029383736334016586,7.209298744725594,83.82227996294618
